dataset,epoch,train_loss,validation_loss,validation_precision@20,validation_mrr@20,epoch_seconds,train_examples,validation_examples,test_examples,model,iteration,folder,learning_rate
Yoochoose 1/64,1,5.52678237298887,4.724837388511411,64.66405299445721,28.64625537042539,153.6802110671997,332874,36985,55898,GAT-SR-GNN,1,results-1,
Yoochoose 1/64,2,4.455920257396576,4.5140565154970504,67.45978099229417,30.06837022551108,148.08349680900574,332874,36985,55898,GAT-SR-GNN,1,results-1,
Yoochoose 1/64,3,4.202007081320881,4.4426423639192025,68.46829795863188,30.68909829059646,147.95014643669128,332874,36985,55898,GAT-SR-GNN,1,results-1,
Yoochoose 1/64,4,3.773314566964549,4.346335691875165,69.63633905637421,32.41114188484748,149.07961535453796,332874,36985,55898,GAT-SR-GNN,1,results-1,
Yoochoose 1/64,5,3.679782750941925,4.353763029416445,69.57955928078951,32.5678162666951,148.78868985176086,332874,36985,55898,GAT-SR-GNN,1,results-1,
Yoochoose 1/64,6,3.631526361632012,4.3697217966682835,69.40381235636069,32.55382622418024,149.85629892349243,332874,36985,55898,GAT-SR-GNN,1,results-1,
Yoochoose 1/64,7,3.5512392237931367,4.372957085344749,69.51737190753008,32.69581252599997,148.98286199569702,332874,36985,55898,GAT-SR-GNN,1,results-1,
Yoochoose 1/64,8,3.544689814354246,4.3770604513296485,69.50655671218061,32.68432615124665,149.01893544197085,332874,36985,55898,GAT-SR-GNN,1,results-1,
Yoochoose 1/64,9,3.5391987971977836,4.380861683505539,69.47411112613221,32.70574200196864,149.05567741394043,332874,36985,55898,GAT-SR-GNN,1,results-1,
Yoochoose 1/64,10,3.5290612636153424,4.381284416632441,69.47140732729486,32.69554642030995,148.6846559047699,332874,36985,55898,GAT-SR-GNN,1,results-1,
Yoochoose 1/64,11,3.528883732216745,4.381708803701613,69.46870352845748,32.69535717584482,149.40907287597656,332874,36985,55898,GAT-SR-GNN,1,results-1,
Yoochoose 1/64,12,3.5281074353282387,4.382147813046383,69.46059213194539,32.696120300953076,149.9637746810913,332874,36985,55898,GAT-SR-GNN,1,results-1,
Yoochoose 1/64,13,3.527125432967647,4.38220624980434,69.46059213194539,32.69411566387371,152.6419746875763,332874,36985,55898,GAT-SR-GNN,1,results-1,
Yoochoose 1/64,14,3.5271310834064633,4.382264580261841,69.46059213194539,32.69398194576448,149.77074480056763,332874,36985,55898,GAT-SR-GNN,1,results-1,
Diginetica,1,7.018441523177412,5.790299360897284,46.85393414596856,14.958875826510706,290.6954984664917,647523,71947,60858,GAT-SR-GNN,1,results-1,
Diginetica,2,5.425443090392417,5.496361985949494,50.72066938162814,16.594797587967008,291.6780939102173,647523,71947,60858,GAT-SR-GNN,1,results-1,
Diginetica,3,5.122350801665071,5.434969385826744,51.892365213282,17.016038215057478,291.27466440200806,647523,71947,60858,GAT-SR-GNN,1,results-1,
Diginetica,4,4.310334683884382,5.241746233414514,55.79523816142438,19.413401246881087,294.19715881347656,647523,71947,60858,GAT-SR-GNN,1,results-1,
Diginetica,5,4.082386050827704,5.298398476574044,55.31432860299943,19.300478224853947,292.7564764022827,647523,71947,60858,GAT-SR-GNN,1,results-1,
Diginetica,6,3.9629410821312465,5.3695292639987855,54.766703267683155,19.245341459483697,292.453147649765,647523,71947,60858,GAT-SR-GNN,1,results-1,
Diginetica,7,3.761363442731781,5.39988849392603,54.81535018833308,19.334348695847183,294.19405817985535,647523,71947,60858,GAT-SR-GNN,1,results-1,
Diginetica,8,3.739375411358895,5.421262860591429,54.67635898647615,19.312235263445523,297.04865741729736,647523,71947,60858,GAT-SR-GNN,1,results-1,
Diginetica,9,3.722141748170401,5.439467803527942,54.57767523315774,19.28039675884148,293.4633369445801,647523,71947,60858,GAT-SR-GNN,1,results-1,
Yoochoose 1/64,1,5.59936738592802,4.68835135300417,65.10477220494795,28.72407479754844,742.4127397537231,332874,36985,55898,GAT-TAGNN,1,results-1,0.001
Yoochoose 1/64,2,4.424656418028685,4.4713277184384665,67.97079897255644,30.352071880955815,747.1610100269318,332874,36985,55898,GAT-TAGNN,1,results-1,0.001
Yoochoose 1/64,3,4.160996407663828,4.418677242217683,68.52507773421658,30.77641559191873,745.900689125061,332874,36985,55898,GAT-TAGNN,1,results-1,0.0001
Yoochoose 1/64,4,3.732569981846973,4.337952031208661,69.72286061916994,32.50507573912526,744.328516960144,332874,36985,55898,GAT-TAGNN,1,results-1,0.0001
Yoochoose 1/64,5,3.6420346421056378,4.354380340854655,69.62552386102475,32.603703145966655,743.8379802703857,332874,36985,55898,GAT-TAGNN,1,results-1,0.0001
Yoochoose 1/64,6,3.5931586683775225,4.3689548275962915,69.5714478842774,32.577070948141916,742.3699436187744,332874,36985,55898,GAT-TAGNN,1,results-1,1e-05
Yoochoose 1/64,7,3.515608201601372,4.383803273304517,69.57955928078951,32.6650949147838,744.7372238636017,332874,36985,55898,GAT-TAGNN,1,results-1,1e-05
Yoochoose 1/64,8,3.5074960890692792,4.387954197301242,69.54170609706638,32.650506376849485,743.440712928772,332874,36985,55898,GAT-TAGNN,1,results-1,1e-05
Yoochoose 1/64,9,3.503211723322583,4.391791336920289,69.49033391915641,32.65989680829782,742.1037421226501,332874,36985,55898,GAT-TAGNN,1,results-1,1.0000000000000002e-06
Yoochoose 1/64,10,3.4937780269039447,4.3929237779836745,69.49033391915641,32.66876621408786,743.0230147838593,332874,36985,55898,GAT-TAGNN,1,results-1,1.0000000000000002e-06
Yoochoose 1/64,11,3.492397067457128,4.393813098364945,69.49033391915641,32.665629168370295,742.0366022586823,332874,36985,55898,GAT-TAGNN,1,results-1,1.0000000000000002e-06
Yoochoose 1/64,12,3.492077862996442,4.394290055425421,69.47140732729486,32.66539485096464,744.0188088417053,332874,36985,55898,GAT-TAGNN,1,results-1,1.0000000000000002e-07
Yoochoose 1/64,13,3.491201641460229,4.394338903933808,69.46329593078275,32.66278357542543,743.3167960643768,332874,36985,55898,GAT-TAGNN,1,results-1,1.0000000000000002e-07
Yoochoose 1/64,14,3.491533687208873,4.394418004236948,69.46599972962012,32.66152850031546,744.1214499473572,332874,36985,55898,GAT-TAGNN,1,results-1,1.0000000000000002e-07
Yoochoose 1/64,15,3.4911118068789726,4.394503925174447,69.46870352845748,32.66358986535201,746.5983505249023,332874,36985,55898,GAT-TAGNN,1,results-1,1.0000000000000004e-08
Diginetica,1,7.067118849428188,5.702994800133227,47.775445814279955,15.691886204073445,1329.3739371299744,647523,71947,60858,GAT-TAGNN,1,results-1,0.001
Diginetica,2,5.341252739006488,5.414572731022679,51.600483689382465,17.454764388564502,1330.7214758396149,647523,71947,60858,GAT-TAGNN,1,results-1,0.001
Diginetica,3,5.039085444281953,5.3816496961080045,52.41080239620832,17.886824310070292,1330.307447195053,647523,71947,60858,GAT-TAGNN,1,results-1,0.0001
Diginetica,4,4.279384154990718,5.232803288027299,55.7493710648116,19.65077164118548,1327.0688934326172,647523,71947,60858,GAT-TAGNN,1,results-1,0.0001
Diginetica,5,4.056065849673884,5.28523794421378,55.521425493766245,19.56053425283603,1327.4199805259705,647523,71947,60858,GAT-TAGNN,1,results-1,0.0001
Diginetica,6,3.941474030324686,5.382955404385511,55.03634619928558,19.46744202377848,1325.633210659027,647523,71947,60858,GAT-TAGNN,1,results-1,1e-05
Diginetica,7,3.7445428573045234,5.433600091217759,54.96129095028285,19.4628201450654,1325.7442455291748,647523,71947,60858,GAT-TAGNN,1,results-1,1e-05
Diginetica,8,3.7251796698766246,5.4523367242938905,54.87372649311298,19.446683998695914,1326.4543137550354,647523,71947,60858,GAT-TAGNN,1,results-1,1e-05
Diginetica,9,3.711035879858081,5.467638646557026,54.823689660444494,19.40371767217685,1325.7330470085144,647523,71947,60858,GAT-TAGNN,1,results-1,1.0000000000000002e-06
Yoochoose 1/64,1,7.014476698625584,6.01989015966263,47.684196295795594,22.8703072478163,133.60911083221436,332874,36985,55898,GAT-SR-GNN,2,results-2,
Yoochoose 1/64,2,5.733701489240545,5.449027335561577,54.84655941597945,25.221137845775672,131.24769067764282,332874,36985,55898,GAT-SR-GNN,2,results-2,
Yoochoose 1/64,3,5.22563758358228,5.122033021217007,58.9995944301744,26.85180109159937,129.45663499832153,332874,36985,55898,GAT-SR-GNN,2,results-2,
Yoochoose 1/64,4,4.8466676846414725,4.91780356270116,61.87643639313235,28.570152175447433,129.47255039215088,332874,36985,55898,GAT-SR-GNN,2,results-2,
Yoochoose 1/64,5,4.715727642404063,4.833256564334355,63.02014330133838,29.145591635792357,129.71259570121765,332874,36985,55898,GAT-SR-GNN,2,results-2,
Yoochoose 1/64,6,4.618478315566169,4.759415262177681,64.00432607813978,29.592876096536973,128.7332260608673,332874,36985,55898,GAT-SR-GNN,2,results-2,
Yoochoose 1/64,7,4.4791535734575225,4.6886152235482115,65.12099499797215,30.48460274108829,128.4784963130951,332874,36985,55898,GAT-SR-GNN,2,results-2,
Yoochoose 1/64,8,4.435439939113906,4.665610257203279,65.5211572259024,30.450503416475257,129.82627749443054,332874,36985,55898,GAT-SR-GNN,2,results-2,
Yoochoose 1/64,9,4.397603415842373,4.642750285196195,65.66445856428281,30.651273713235003,128.45446181297302,332874,36985,55898,GAT-SR-GNN,2,results-2,
Yoochoose 1/64,10,4.32908676982451,4.61312501669349,66.19169933756929,31.04376558389183,129.83790254592896,332874,36985,55898,GAT-SR-GNN,2,results-2,
Yoochoose 1/64,11,4.3081367974185705,4.607326033051891,66.3755576585102,31.121490791035097,128.71939730644226,332874,36985,55898,GAT-SR-GNN,2,results-2,
Yoochoose 1/64,12,4.292680056825963,4.5943913927783475,66.43774503176964,31.132717026848077,128.01792287826538,332874,36985,55898,GAT-SR-GNN,2,results-2,
Yoochoose 1/64,13,4.254251579032848,4.589727763309662,66.51885899689063,31.26954066168381,127.6086859703064,332874,36985,55898,GAT-SR-GNN,2,results-2,
Yoochoose 1/64,14,4.246384754242906,4.585455028208523,66.66756793294579,31.487275969745244,140.8290228843689,332874,36985,55898,GAT-SR-GNN,2,results-2,
Yoochoose 1/64,15,4.23934754148989,4.581960814054292,66.61078815736109,31.432310111847897,141.32582330703735,332874,36985,55898,GAT-SR-GNN,2,results-2,
Yoochoose 1/64,16,4.217726253664298,4.577384421096004,66.77301608760308,31.513561951690257,129.87411069869995,332874,36985,55898,GAT-SR-GNN,2,results-2,
Yoochoose 1/64,17,4.213729652195023,4.574675619175132,66.79464647830201,31.521951114066116,130.3034734725952,332874,36985,55898,GAT-SR-GNN,2,results-2,
Yoochoose 1/64,18,4.209246005028819,4.574321949048446,66.78923888062728,31.548493759074823,128.6174385547638,332874,36985,55898,GAT-SR-GNN,2,results-2,
Yoochoose 1/64,19,4.20031924671385,4.572505517023326,66.77301608760308,31.5872798288966,128.79490971565247,332874,36985,55898,GAT-SR-GNN,2,results-2,
Yoochoose 1/64,20,4.196843634981825,4.57162973522028,66.77571988644046,31.587924887654715,129.59027910232544,332874,36985,55898,GAT-SR-GNN,2,results-2,
Yoochoose 1/64,21,4.195415437400946,4.5710472541031395,66.81357307016359,31.559262710825017,129.1960952281952,332874,36985,55898,GAT-SR-GNN,2,results-2,
Yoochoose 1/64,22,4.190325304873089,4.570128487399644,66.84061105853725,31.611827537306613,129.86934995651245,332874,36985,55898,GAT-SR-GNN,2,results-2,
Yoochoose 1/64,23,4.188229082616787,4.56938650003072,66.84872245504934,31.62985831221101,129.85006880760193,332874,36985,55898,GAT-SR-GNN,2,results-2,
Yoochoose 1/64,24,4.188234274499824,4.568736353355017,66.88387183993511,31.650340224788593,129.93790793418884,332874,36985,55898,GAT-SR-GNN,2,results-2,
Yoochoose 1/64,25,4.1828592041845685,4.568917219487657,66.86494524807354,31.637893961429015,129.7001395225525,332874,36985,55898,GAT-SR-GNN,2,results-2,
Yoochoose 1/64,26,4.183709652408374,4.568939605564367,66.87035284574827,31.638528056220135,128.92497301101685,332874,36985,55898,GAT-SR-GNN,2,results-2,
Yoochoose 1/64,27,4.1830322808571365,4.5685409622867965,66.875760443423,31.647994807399225,129.2047381401062,332874,36985,55898,GAT-SR-GNN,2,results-2,
Yoochoose 1/64,28,4.180761355613222,4.5686630164833995,66.87305664458565,31.64971742401804,128.31421494483948,332874,36985,55898,GAT-SR-GNN,2,results-2,
Yoochoose 1/64,29,4.1827694662631325,4.568498450613544,66.87305664458565,31.679530023190885,128.0109384059906,332874,36985,55898,GAT-SR-GNN,2,results-2,
Yoochoose 1/64,30,4.180867992138508,4.568459452076894,66.88927943760984,31.662854308999517,129.2151074409485,332874,36985,55898,GAT-SR-GNN,2,results-2,
Diginetica,1,9.625718262860914,8.401072497377601,20.895937287169723,8.770050844698881,252.5349593162537,647523,71947,60858,GAT-SR-GNN,2,results-2,
Diginetica,2,7.2265846729473715,6.512553170860416,38.992591768941026,13.19528634893453,252.1846799850464,647523,71947,60858,GAT-SR-GNN,2,results-2,
Diginetica,3,6.062038241188096,5.959679347724134,44.41741837741671,14.417399446424149,253.1902210712433,647523,71947,60858,GAT-SR-GNN,2,results-2,
Diginetica,4,5.470039425553288,5.647863122890568,49.34465648324461,16.44640072196619,252.6223635673523,647523,71947,60858,GAT-SR-GNN,2,results-2,
Diginetica,5,5.30893353090164,5.574385855937449,50.29118656789025,16.754763640046743,250.00297856330872,647523,71947,60858,GAT-SR-GNN,2,results-2,
Diginetica,6,5.226347248832623,5.530267736549806,50.740128149888115,16.929168728477656,260.0576090812683,647523,71947,60858,GAT-SR-GNN,2,results-2,
Diginetica,7,4.993877147965952,5.424201256123994,53.10019875741865,18.124981352801996,252.72264981269836,647523,71947,60858,GAT-SR-GNN,2,results-2,
Diginetica,8,4.944372106704121,5.415348779365336,53.37540133709536,18.27352334969648,254.10008788108823,647523,71947,60858,GAT-SR-GNN,2,results-2,
Diginetica,9,4.922438437977981,5.413706665491596,53.15440532614286,18.004388357333177,265.2030568122864,647523,71947,60858,GAT-SR-GNN,2,results-2,
Diginetica,10,4.783253879651968,5.368980186478361,54.456752887542216,18.83760976621052,252.58671522140503,647523,71947,60858,GAT-SR-GNN,2,results-2,
Diginetica,11,4.759846511358819,5.371117392883593,54.4442436793751,18.911982564191675,253.8316090106964,647523,71947,60858,GAT-SR-GNN,2,results-2,
Diginetica,12,4.752339664977261,5.372751857320888,54.50123007213644,18.87440940796172,252.70894837379456,647523,71947,60858,GAT-SR-GNN,2,results-2,
Diginetica,13,4.6668959311226645,5.356304769143387,54.904304557521506,19.231823603568444,254.7110126018524,647523,71947,60858,GAT-SR-GNN,2,results-2,
Diginetica,14,4.655360831395153,5.359924574976098,54.957121214227136,19.23285066946414,254.55539536476135,647523,71947,60858,GAT-SR-GNN,2,results-2,
Diginetica,15,4.6513358020847715,5.362074452430602,54.94183218202288,19.16589338088487,255.56735634803772,647523,71947,60858,GAT-SR-GNN,2,results-2,
Diginetica,16,4.5990108396202825,5.359264173592126,55.115571184344034,19.34045808486634,255.56643509864807,647523,71947,60858,GAT-SR-GNN,2,results-2,
Diginetica,17,4.592831311199005,5.361437813704517,55.239273353996694,19.386875070882628,254.6780641078949,647523,71947,60858,GAT-SR-GNN,2,results-2,
Diginetica,18,4.590689626312685,5.363903915502513,55.12113083241831,19.368135393761904,262.20610189437866,647523,71947,60858,GAT-SR-GNN,2,results-2,
Diginetica,19,4.5593915072787805,5.363788638590195,55.15448872086397,19.42485600450195,253.7484838962555,647523,71947,60858,GAT-SR-GNN,2,results-2,
Diginetica,20,4.557185801047769,5.3640545057763624,55.1711676650868,19.45368660490947,253.34320330619812,647523,71947,60858,GAT-SR-GNN,2,results-2,
Diginetica,21,4.556270702583005,5.366319290726442,55.2073053775696,19.436573407292997,253.2377655506134,647523,71947,60858,GAT-SR-GNN,2,results-2,
Diginetica,22,4.538065198350665,5.366469371396194,55.23371370592241,19.472406739838792,254.3880741596222,647523,71947,60858,GAT-SR-GNN,2,results-2,
Diginetica,23,4.537195875929807,5.367119717432602,55.23649352995955,19.4505059691084,253.90077471733093,647523,71947,60858,GAT-SR-GNN,2,results-2,
Diginetica,24,4.536746210473887,5.368638594195247,55.16977775306823,19.44217336453369,262.4162871837616,647523,71947,60858,GAT-SR-GNN,2,results-2,
Diginetica,25,4.526101321324176,5.368955280569802,55.20452555353246,19.45724242215412,257.7389659881592,647523,71947,60858,GAT-SR-GNN,2,results-2,
Diginetica,26,4.525348953208789,5.369319402230583,55.21981458573672,19.473366526143568,253.676855802536,647523,71947,60858,GAT-SR-GNN,2,results-2,
Diginetica,27,4.525699449017815,5.3697923390361995,55.20313564151389,19.47359132960913,253.08801460266113,647523,71947,60858,GAT-SR-GNN,2,results-2,
Diginetica,28,4.520749169294274,5.3698971435581555,55.2073053775696,19.485921018166408,251.3734631538391,647523,71947,60858,GAT-SR-GNN,2,results-2,
Diginetica,29,4.519190228502723,5.370159411941679,55.20591546555103,19.475218470549553,254.5476393699646,647523,71947,60858,GAT-SR-GNN,2,results-2,
Diginetica,30,4.520356611229825,5.3704530362438545,55.19062643334677,19.47550443366452,253.98097038269043,647523,71947,60858,GAT-SR-GNN,2,results-2,
Yoochoose 1/64,1,7.005332014853886,6.015230088712912,47.87886981208598,23.01554433232919,129.89161682128906,332874,36985,55898,GAT-SR-GNN,3,results-3,
Yoochoose 1/64,2,5.733035597836762,5.459140723631868,54.99526835203461,25.42426994656878,125.29073357582092,332874,36985,55898,GAT-SR-GNN,3,results-3,
Yoochoose 1/64,3,5.22403844610147,5.1081199119973215,59.38083006624307,27.22438839846275,124.8992829322815,332874,36985,55898,GAT-SR-GNN,3,results-3,
Yoochoose 1/64,4,4.838399360976034,4.923089020700572,61.84939840475869,28.823756142792,126.2452974319458,332874,36985,55898,GAT-SR-GNN,3,results-3,
Yoochoose 1/64,5,4.70576660267961,4.828178348389126,63.2526700013519,29.28000653452433,124.3374366760254,332874,36985,55898,GAT-SR-GNN,3,results-3,
Yoochoose 1/64,6,4.608049076310001,4.751566468662099,64.09084764093551,29.780166835354297,125.2151529788971,332874,36985,55898,GAT-SR-GNN,3,results-3,
Yoochoose 1/64,7,4.464925496417506,4.689094049214704,65.01013924564012,30.55201288718089,126.03950643539427,332874,36985,55898,GAT-SR-GNN,3,results-3,
Yoochoose 1/64,8,4.417304936158501,4.661931758476816,65.34811410031094,30.637047857759256,125.3448567390442,332874,36985,55898,GAT-SR-GNN,3,results-3,
Yoochoose 1/64,9,4.381497531079097,4.640758770131349,65.60497498986075,30.768476746381097,126.25465941429138,332874,36985,55898,GAT-SR-GNN,3,results-3,
Yoochoose 1/64,10,4.309856101733824,4.613852442769371,66.11869676896039,31.168225427503536,125.12353086471558,332874,36985,55898,GAT-SR-GNN,3,results-3,
Yoochoose 1/64,11,4.290022014639763,4.602268092903363,66.31337028525078,31.218841746640848,124.38805675506592,332874,36985,55898,GAT-SR-GNN,3,results-3,
Yoochoose 1/64,12,4.272921135815533,4.597096189060807,66.39448425037178,31.392493733396655,125.02367758750916,332874,36985,55898,GAT-SR-GNN,3,results-3,
Yoochoose 1/64,13,4.235835851524814,4.586928238880962,66.54319318642693,31.481638448502995,135.46056699752808,332874,36985,55898,GAT-SR-GNN,3,results-3,
Yoochoose 1/64,14,4.226219774400569,4.581158898497846,66.56752737596322,31.55314292459048,136.0868592262268,332874,36985,55898,GAT-SR-GNN,3,results-3,
Yoochoose 1/64,15,4.216633798929437,4.57742976207612,66.63512234689739,31.44289513093258,125.87990665435792,332874,36985,55898,GAT-SR-GNN,3,results-3,
Yoochoose 1/64,16,4.198834775612756,4.574575104712795,66.73245910504258,31.689889342362324,125.81211376190186,332874,36985,55898,GAT-SR-GNN,3,results-3,
Yoochoose 1/64,17,4.19363394520268,4.572856442225984,66.72434770853049,31.659835283218307,126.96043467521667,332874,36985,55898,GAT-SR-GNN,3,results-3,
Yoochoose 1/64,18,4.189079992544974,4.573207841107084,66.80005407597675,31.648484957577555,125.44768166542052,332874,36985,55898,GAT-SR-GNN,3,results-3,
Yoochoose 1/64,19,4.17815330487402,4.570638578937587,66.89468703528458,31.70922659306296,125.83653736114502,332874,36985,55898,GAT-SR-GNN,3,results-3,
Yoochoose 1/64,20,4.175874453421726,4.569732137865451,66.84331485737461,31.71258411456463,125.91138100624084,332874,36985,55898,GAT-SR-GNN,3,results-3,
Yoochoose 1/64,21,4.173246152429463,4.568554547343267,66.87305664458565,31.7134355290026,125.58179688453674,332874,36985,55898,GAT-SR-GNN,3,results-3,
Yoochoose 1/64,22,4.1679076163403215,4.567845163980948,66.9082060294714,31.73734240230877,125.32709980010986,332874,36985,55898,GAT-SR-GNN,3,results-3,
Yoochoose 1/64,23,4.168699262188551,4.567046491716526,66.87846424226038,31.72895402381013,125.4582052230835,332874,36985,55898,GAT-SR-GNN,3,results-3,
Yoochoose 1/64,24,4.165648166857592,4.566944439604232,66.89739083412194,31.71317067648473,124.75048518180849,332874,36985,55898,GAT-SR-GNN,3,results-3,
Yoochoose 1/64,25,4.1630223569832925,4.566724264865084,66.90279843179667,31.759023538743932,124.38590359687804,332874,36985,55898,GAT-SR-GNN,3,results-3,
Yoochoose 1/64,26,4.16246862093831,4.566667727591203,66.90279843179667,31.75811098703939,125.21184062957764,332874,36985,55898,GAT-SR-GNN,3,results-3,
Yoochoose 1/64,27,4.16415340343743,4.566598083193888,66.88657563877247,31.744666497288677,125.26186203956604,332874,36985,55898,GAT-SR-GNN,3,results-3,
Yoochoose 1/64,28,4.1609945028363695,4.566442052560899,66.91902122482087,31.723304512340572,124.45807790756226,332874,36985,55898,GAT-SR-GNN,3,results-3,
Yoochoose 1/64,29,4.1591607712318135,4.56640737856403,66.91361362714613,31.735081499261405,124.61828517913818,332874,36985,55898,GAT-SR-GNN,3,results-3,
Yoochoose 1/64,30,4.1598919435469,4.5663741918065925,66.92172502365824,31.74970803976994,126.10378766059875,332874,36985,55898,GAT-SR-GNN,3,results-3,
Diginetica,1,9.619984275998236,8.397529992231847,20.98906139241386,8.871955244244948,246.2209794521332,647523,71947,60858,GAT-SR-GNN,3,results-3,
Diginetica,2,7.240203629633625,6.5072763768594735,39.00788080114529,13.23875783374464,247.7423870563507,647523,71947,60858,GAT-SR-GNN,3,results-3,
Diginetica,3,6.05427753174212,5.9456381614934575,44.82466259885749,14.55396278781974,245.16695141792297,647523,71947,60858,GAT-SR-GNN,3,results-3,
Diginetica,4,5.463272616490127,5.645042657490968,49.26404158616759,16.48444747776346,246.4240889549255,647523,71947,60858,GAT-SR-GNN,3,results-3,
Diginetica,5,5.305736910789224,5.5713676532724845,50.267558063574576,16.63055353513153,268.69504833221436,647523,71947,60858,GAT-SR-GNN,3,results-3,
Diginetica,6,5.224419346243031,5.527313668353381,50.83047243109511,16.943210995911254,248.5995228290558,647523,71947,60858,GAT-SR-GNN,3,results-3,
Diginetica,7,4.991022655670931,5.414800974161797,53.130776821827176,18.128407697560835,248.4656593799591,647523,71947,60858,GAT-SR-GNN,3,results-3,
Diginetica,8,4.942255712940395,5.413154631623208,53.32258468038973,18.175174371892023,247.43541717529297,647523,71947,60858,GAT-SR-GNN,3,results-3,
Diginetica,9,4.9193605287671565,5.409724666104432,53.48381447454376,18.223712701688925,245.90717935562137,647523,71947,60858,GAT-SR-GNN,3,results-3,
Diginetica,10,4.779463257414496,5.364466842827025,54.62076250573339,18.904405013531417,246.43225741386416,647523,71947,60858,GAT-SR-GNN,3,results-3,
Diginetica,11,4.757464750882008,5.367455675379702,54.66940942638331,18.94022391112745,247.8792860507965,647523,71947,60858,GAT-SR-GNN,3,results-3,
Diginetica,12,4.747406914962967,5.367994817320228,54.52624848847068,18.957296228276924,249.3876914978027,647523,71947,60858,GAT-SR-GNN,3,results-3,
Diginetica,13,4.662012443681248,5.356523124295523,55.12391065645544,19.254844474704996,246.59071397781372,647523,71947,60858,GAT-SR-GNN,3,results-3,
Diginetica,14,4.650366260784986,5.356594683358603,55.15587863288254,19.311609815231986,246.2704327106476,647523,71947,60858,GAT-SR-GNN,3,results-3,
Diginetica,15,4.645227015546924,5.3590207078838725,55.08360320791694,19.281801841475296,249.17691802978516,647523,71947,60858,GAT-SR-GNN,3,results-3,
Diginetica,16,4.593314347148951,5.35515987247596,55.305989130888015,19.4486609929789,249.77455830574036,647523,71947,60858,GAT-SR-GNN,3,results-3,
Diginetica,17,4.587653706788192,5.358510466621525,55.31154877896229,19.43211011817537,261.14391350746155,647523,71947,60858,GAT-SR-GNN,3,results-3,
Diginetica,18,4.5848281880721915,5.359099867246244,55.30876895492515,19.490800033837196,250.0566327571869,647523,71947,60858,GAT-SR-GNN,3,results-3,
Diginetica,19,4.553485923488306,5.358762896042552,55.4783382211906,19.562712989128567,249.2797248363495,647523,71947,60858,GAT-SR-GNN,3,results-3,
Diginetica,20,4.550180015642937,5.361833651408772,55.42552156448497,19.504185015310853,249.14269733428955,647523,71947,60858,GAT-SR-GNN,3,results-3,
Diginetica,21,4.549857602135418,5.362557187153883,55.344906667407955,19.558788879185418,246.43942713737488,647523,71947,60858,GAT-SR-GNN,3,results-3,
Diginetica,22,4.530446384892018,5.3632441008680996,55.38104437989075,19.555463331864804,245.42866230010983,647523,71947,60858,GAT-SR-GNN,3,results-3,
Diginetica,23,4.530252203721301,5.364075313736563,55.39494350007645,19.560980530052383,253.2436900138855,647523,71947,60858,GAT-SR-GNN,3,results-3,
Diginetica,24,4.528312406372636,5.364880323903791,55.374094819797904,19.55310350654273,245.6088271141052,647523,71947,60858,GAT-SR-GNN,3,results-3,
Yoochoose 1/64,1,7.063367703805891,5.997381631919012,48.17358388535893,23.319465770775587,589.200127363205,332874,36985,55898,GAT-TAGNN,3,results-3,0.001
Yoochoose 1/64,2,5.780000700893008,5.480553052965912,54.57077193456807,25.14599164627816,590.1532733440399,332874,36985,55898,GAT-TAGNN,3,results-3,0.001
Yoochoose 1/64,3,5.281678129968781,5.155094000202781,58.913072867378666,26.822861527951808,585.2471122741699,332874,36985,55898,GAT-TAGNN,3,results-3,0.0005
Yoochoose 1/64,4,4.889450746690837,4.943929328908143,61.81965661754766,28.60175835791352,582.515914440155,332874,36985,55898,GAT-TAGNN,3,results-3,0.0005
Yoochoose 1/64,5,4.743124265003296,4.8878647661280015,62.97688251994052,29.15336065845456,585.1741132736206,332874,36985,55898,GAT-TAGNN,3,results-3,0.0005
Yoochoose 1/64,6,4.633976925187,4.834410687274219,63.83939434906043,29.51919110607453,583.5891005992889,332874,36985,55898,GAT-TAGNN,3,results-3,0.00025
Yoochoose 1/64,7,4.47947989812433,4.755581371652382,64.82898472353656,30.105087808359148,582.4487309455872,332874,36985,55898,GAT-TAGNN,3,results-3,0.00025
Yoochoose 1/64,8,4.429728752827422,4.736044091792852,65.33189130728674,30.253354684072395,583.7756621837616,332874,36985,55898,GAT-TAGNN,3,results-3,0.00025
Yoochoose 1/64,9,4.386068188233145,4.720787751766513,65.5536028119508,30.281462566875454,581.8271391391754,332874,36985,55898,GAT-TAGNN,3,results-3,0.000125
Yoochoose 1/64,10,4.310656576648761,4.673244015016926,65.95376503988103,30.846476924246964,582.4660515785217,332874,36985,55898,GAT-TAGNN,3,results-3,0.000125
Yoochoose 1/64,11,4.28738252011173,4.673675299561054,66.04839799918886,30.92601415126956,584.409157037735,332874,36985,55898,GAT-TAGNN,3,results-3,0.000125
Yoochoose 1/64,12,4.270063759925539,4.691111412179845,66.21603352710558,30.938172097365342,584.7819998264313,332874,36985,55898,GAT-TAGNN,3,results-3,6.25e-05
Yoochoose 1/64,13,4.2304919525396585,4.648494082591784,66.42692983642017,31.092252732612515,583.9416215419769,332874,36985,55898,GAT-TAGNN,3,results-3,6.25e-05
Yoochoose 1/64,14,4.219036259664907,4.657554174639557,66.521562795728,31.1416162663865,583.9465870857239,332874,36985,55898,GAT-TAGNN,3,results-3,6.25e-05
Yoochoose 1/64,15,4.210001693441198,4.659356055685809,66.54319318642693,31.149172760335695,583.7714631557465,332874,36985,55898,GAT-TAGNN,3,results-3,3.125e-05
Yoochoose 1/64,16,4.188701668043606,4.648744739196228,66.65134513992159,31.24400559286499,581.9285764694214,332874,36985,55898,GAT-TAGNN,3,results-3,3.125e-05
Yoochoose 1/64,17,4.182412370254836,4.659223306077516,66.6432337434095,31.214359742943717,582.365984916687,332874,36985,55898,GAT-TAGNN,3,results-3,3.125e-05
Yoochoose 1/64,18,4.179220128917589,4.643923131649569,66.63241854806003,31.220794833478404,594.1794786453247,332874,36985,55898,GAT-TAGNN,3,results-3,1.5625e-05
Yoochoose 1/64,19,4.168244517751912,4.647308558987108,66.72164390969311,31.275324726710693,588.695258140564,332874,36985,55898,GAT-TAGNN,3,results-3,1.5625e-05
Yoochoose 1/64,20,4.163190409910801,4.647800270215682,66.74327430039205,31.269165504231747,586.3973696231842,332874,36985,55898,GAT-TAGNN,3,results-3,1.5625e-05
Yoochoose 1/64,21,4.161840667837031,4.644336109050499,66.77571988644046,31.263926734114655,587.4076018333435,332874,36985,55898,GAT-TAGNN,3,results-3,7.8125e-06
Yoochoose 1/64,22,4.158088109314439,4.649078485368474,66.81357307016359,31.273621113957528,585.6546764373779,332874,36985,55898,GAT-TAGNN,3,results-3,7.8125e-06
Yoochoose 1/64,23,4.154864117953056,4.64634443125532,66.78923888062728,31.311235895862097,588.3201644420624,332874,36985,55898,GAT-TAGNN,3,results-3,7.8125e-06
Yoochoose 1/64,24,4.154017208140186,4.64830516747112,66.75679329457888,31.335832235602663,587.5537760257721,332874,36985,55898,GAT-TAGNN,3,results-3,3.90625e-06
Yoochoose 1/64,25,4.151065092917576,4.65096536623202,66.81086927132621,31.30725699178879,587.2512593269348,332874,36985,55898,GAT-TAGNN,3,results-3,3.90625e-06
Yoochoose 1/64,26,4.149761152776561,4.650401517605804,66.79735027713939,31.314331746768577,590.5049567222595,332874,36985,55898,GAT-TAGNN,3,results-3,3.90625e-06
Yoochoose 1/64,27,4.14983553303879,4.64787122741396,66.81898066783832,31.330002927451385,584.9697234630585,332874,36985,55898,GAT-TAGNN,3,results-3,1.953125e-06
Yoochoose 1/64,28,4.147102522732716,4.64728470584807,66.80546167365148,31.322187707603696,585.3105518817902,332874,36985,55898,GAT-TAGNN,3,results-3,1.953125e-06
Yoochoose 1/64,29,4.147565340849245,4.64989721083683,66.82709206435041,31.315692258522574,586.4109108448029,332874,36985,55898,GAT-TAGNN,3,results-3,1.953125e-06
Yoochoose 1/64,30,4.146157715962441,4.649186797475306,66.83790725969988,31.32384396798388,587.8302638530731,332874,36985,55898,GAT-TAGNN,3,results-3,9.765625e-07
Diginetica,1,9.69323162976985,8.841496140464413,18.64427981708758,9.811998961515195,698.4582009315491,647523,71947,60858,GAT-TAGNN,3,results-3,0.001
Diginetica,2,7.671533266396945,6.609271874564921,37.62769816670605,13.177673708021128,702.6925563812256,647523,71947,60858,GAT-TAGNN,3,results-3,0.001
Diginetica,3,6.127210035357279,5.896663879485621,44.944195032454445,14.685274725641513,702.4958577156067,647523,71947,60858,GAT-TAGNN,3,results-3,0.0005
Diginetica,4,5.451218724239195,5.5901831166431775,49.56009284612284,16.616821754983974,700.7090497016907,647523,71947,60858,GAT-TAGNN,3,results-3,0.0005
Diginetica,5,5.281841025230375,5.510516084597348,50.54415055526985,16.876071441237677,702.0995855331421,647523,71947,60858,GAT-TAGNN,3,results-3,0.0005
Diginetica,6,5.200532927555326,5.480625237023731,51.15849166747745,17.044027589274684,700.0567722320557,647523,71947,60858,GAT-TAGNN,3,results-3,0.00025
Diginetica,7,4.950027861453698,5.37065966074592,53.33648380057542,18.16217738172003,701.0639188289642,647523,71947,60858,GAT-TAGNN,3,results-3,0.00025
Diginetica,8,4.899824547720841,5.372178650078638,53.44350702600526,18.269955232920257,702.7721841335297,647523,71947,60858,GAT-TAGNN,3,results-3,0.00025
Diginetica,9,4.8762111833470625,5.349996908658082,53.33648380057542,18.14995637017479,703.3499286174774,647523,71947,60858,GAT-TAGNN,3,results-3,0.000125
Diginetica,10,4.726344539381801,5.320610174087642,54.45397306350508,18.843445731566025,703.1377942562103,647523,71947,60858,GAT-TAGNN,3,results-3,0.000125
Diginetica,11,4.702627259345235,5.318316231811545,54.56377611297205,18.925916968484596,695.7731204032898,647523,71947,60858,GAT-TAGNN,3,results-3,0.000125
Diginetica,12,4.692762259118499,5.308869391569165,54.54987699278636,18.876845206982654,694.7993228435516,647523,71947,60858,GAT-TAGNN,3,results-3,6.25e-05
Diginetica,13,4.601445061515444,5.307978832161842,54.95434139019,19.1494541191277,695.2427439689636,647523,71947,60858,GAT-TAGNN,3,results-3,6.25e-05
Diginetica,14,4.587004954189967,5.303350596536809,55.05024531947128,19.205293942106216,692.9989042282104,647523,71947,60858,GAT-TAGNN,3,results-3,6.25e-05
Diginetica,15,4.582654492402697,5.317441286433555,54.89318526137296,19.274248873971903,692.0962746143341,647523,71947,60858,GAT-TAGNN,3,results-3,3.125e-05
Diginetica,16,4.527772656821392,5.314735349708199,55.14475933673398,19.39904483769345,700.5533905029297,647523,71947,60858,GAT-TAGNN,3,results-3,3.125e-05
Diginetica,17,4.520536961045898,5.312853508996906,55.17811722517965,19.37147940297235,704.8137471675873,647523,71947,60858,GAT-TAGNN,3,results-3,3.125e-05
Diginetica,18,4.518906913719432,5.315466181385921,55.10723171223262,19.41511614343506,704.7699115276337,647523,71947,60858,GAT-TAGNN,3,results-3,1.5625e-05
Diginetica,19,4.486084130079477,5.319858090690999,55.22815405784814,19.458185779921948,689.1992471218109,647523,71947,60858,GAT-TAGNN,3,results-3,1.5625e-05
Diginetica,20,4.482248170399429,5.318957981729328,55.25039265014525,19.44772244818652,692.5411257743835,647523,71947,60858,GAT-TAGNN,3,results-3,1.5625e-05
Diginetica,21,4.481302922163508,5.323362080633697,55.26846150638664,19.44187952648424,688.8485968112946,647523,71947,60858,GAT-TAGNN,3,results-3,7.8125e-06
Diginetica,22,4.46269471399953,5.324257848088712,55.24761282610811,19.478064654264372,691.6621222496033,647523,71947,60858,GAT-TAGNN,3,results-3,7.8125e-06
Diginetica,23,4.460047313954692,5.322604213315723,55.24900273812668,19.47356931664212,689.3738272190094,647523,71947,60858,GAT-TAGNN,3,results-3,7.8125e-06
Diginetica,24,4.458832510874604,5.327603919051385,55.235103617940986,19.483999629589803,692.6921935081482,647523,71947,60858,GAT-TAGNN,3,results-3,3.90625e-06
Diginetica,25,4.448140772927539,5.327871870086253,55.2434430900524,19.505326986853017,689.8869445323944,647523,71947,60858,GAT-TAGNN,3,results-3,3.90625e-06
Diginetica,26,4.4481095055078255,5.329101449572034,55.218424673718154,19.488462126044443,690.7930746078491,647523,71947,60858,GAT-TAGNN,3,results-3,3.90625e-06
Diginetica,27,4.448241536309386,5.331072276227808,55.25456238620095,19.492279583049775,689.2739267349243,647523,71947,60858,GAT-TAGNN,3,results-3,1.953125e-06
Diginetica,28,4.4428703014806175,5.332310562162156,55.225374233811,19.49398201902108,691.2785530090332,647523,71947,60858,GAT-TAGNN,3,results-3,1.953125e-06
Diginetica,29,4.442203197451736,5.329976152452148,55.23371370592241,19.49605320897303,690.7137763500214,647523,71947,60858,GAT-TAGNN,3,results-3,1.953125e-06
Diginetica,30,4.4414539173500245,5.332087500500613,55.26012203427523,19.500454887763297,691.2108924388885,647523,71947,60858,GAT-TAGNN,3,results-3,9.765625e-07
Yoochoose 1/64,1,7.107804721204686,6.081768079852838,47.0623225632013,22.543246406017808,127.8678548336029,332874,36985,55898,GAT-SR-GNN,4,results-4,
Yoochoose 1/64,2,5.7531954661957405,5.4952530519243865,54.40313640665134,25.284020652219187,125.18897271156312,332874,36985,55898,GAT-SR-GNN,4,results-4,
Yoochoose 1/64,3,5.22687693255946,5.134554406251556,59.07800459645802,26.833833300198705,124.79638671875,332874,36985,55898,GAT-SR-GNN,4,results-4,
Yoochoose 1/64,4,4.823753403148439,4.928445916538772,61.72502365823983,28.7200536517754,124.4369444847107,332874,36985,55898,GAT-SR-GNN,4,results-4,
Yoochoose 1/64,5,4.688222770988531,4.836027899480791,63.052588887386776,29.223818947241664,125.11183881759644,332874,36985,55898,GAT-SR-GNN,4,results-4,
Yoochoose 1/64,6,4.585369458502206,4.761177781886211,63.90158172231986,29.67628647124943,124.78785252571106,332874,36985,55898,GAT-SR-GNN,4,results-4,
Yoochoose 1/64,7,4.436883853833349,4.687445109770784,65.00473164796539,30.507483240622385,123.82214212417604,332874,36985,55898,GAT-SR-GNN,4,results-4,
Yoochoose 1/64,8,4.389836370332947,4.663557089292086,65.33729890496147,30.583893875342795,125.5003786087036,332874,36985,55898,GAT-SR-GNN,4,results-4,
Yoochoose 1/64,9,4.352826757592672,4.637344354098595,65.66445856428281,30.76870132720646,125.23618960380554,332874,36985,55898,GAT-SR-GNN,4,results-4,
Yoochoose 1/64,10,4.277486567669524,4.611468986835096,66.1430309584967,31.214668838111105,123.36265754699708,332874,36985,55898,GAT-SR-GNN,4,results-4,
Yoochoose 1/64,11,4.256085287534279,4.600714178847287,66.25929430850344,31.23667117855397,124.5790605545044,332874,36985,55898,GAT-SR-GNN,4,results-4,
Yoochoose 1/64,12,4.239351710370613,4.594490983090691,66.39718804920913,31.331470247634577,123.49597072601318,332874,36985,55898,GAT-SR-GNN,4,results-4,
Yoochoose 1/64,13,4.201323235820732,4.584800580199931,66.54048938758956,31.504390459214093,124.78675484657288,332874,36985,55898,GAT-SR-GNN,4,results-4,
Yoochoose 1/64,14,4.190022814727001,4.580401800154866,66.58375016898742,31.559235909443796,122.86631631851196,332874,36985,55898,GAT-SR-GNN,4,results-4,
Yoochoose 1/64,15,4.181155930040327,4.5766867378103875,66.59186156549953,31.53827942109066,145.94806361198425,332874,36985,55898,GAT-SR-GNN,4,results-4,
Yoochoose 1/64,16,4.160102196577235,4.5726533230050155,66.63241854806003,31.63947936859069,124.48888540267944,332874,36985,55898,GAT-SR-GNN,4,results-4,
Yoochoose 1/64,17,4.155069740669025,4.571196646598186,66.70271731783156,31.694003913923744,126.31078100204468,332874,36985,55898,GAT-SR-GNN,4,results-4,
Yoochoose 1/64,18,4.1503126222943765,4.570855271869436,66.71894011085575,31.691265990641597,125.05098509788512,332874,36985,55898,GAT-SR-GNN,4,results-4,
Yoochoose 1/64,19,4.1394763495489375,4.5683616033773,66.76760848992835,31.68351987060283,124.77671504020692,332874,36985,55898,GAT-SR-GNN,4,results-4,
Yoochoose 1/64,20,4.136508059892574,4.567732604819567,66.74597809922942,31.715357513448364,123.96961641311646,332874,36985,55898,GAT-SR-GNN,4,results-4,
Yoochoose 1/64,21,4.134689820108082,4.567207015203723,66.75679329457888,31.716341944631733,123.58374500274658,332874,36985,55898,GAT-SR-GNN,4,results-4,
Yoochoose 1/64,22,4.128902389059239,4.566424201819903,66.75408949574151,31.73761993094652,124.6661820411682,332874,36985,55898,GAT-SR-GNN,4,results-4,
Yoochoose 1/64,23,4.127775341355259,4.565729991316682,66.75408949574151,31.73740835629461,125.0149896144867,332874,36985,55898,GAT-SR-GNN,4,results-4,
Yoochoose 1/64,24,4.126838720048876,4.565577049520961,66.75679329457888,31.7244105373216,124.69752836227416,332874,36985,55898,GAT-SR-GNN,4,results-4,
Yoochoose 1/64,25,4.124633643120883,4.565400214747704,66.74597809922942,31.74880945861412,124.23868012428284,332874,36985,55898,GAT-SR-GNN,4,results-4,
Yoochoose 1/64,26,4.121985502755356,4.5653115212312985,66.76490469109098,31.751943487435785,124.54499840736388,332874,36985,55898,GAT-SR-GNN,4,results-4,
Yoochoose 1/64,27,4.122761829449587,4.5651628954017,66.75408949574151,31.767053453281186,124.1471779346466,332874,36985,55898,GAT-SR-GNN,4,results-4,
Yoochoose 1/64,28,4.1212501167499695,4.5650365496062095,66.76220089225362,31.75563185669787,124.65004658699036,332874,36985,55898,GAT-SR-GNN,4,results-4,
Yoochoose 1/64,29,4.119903410993825,4.56500136009403,66.75679329457888,31.75416022518994,124.60263419151306,332874,36985,55898,GAT-SR-GNN,4,results-4,
Yoochoose 1/64,30,4.1191928600988055,4.564967699335832,66.76220089225362,31.75695110144157,124.11428332328796,332874,36985,55898,GAT-SR-GNN,4,results-4,
Diginetica,1,9.702592135884077,8.518385681331978,19.886861161688465,8.447697498582079,244.30455708503723,647523,71947,60858,GAT-SR-GNN,4,results-4,
Diginetica,2,7.2982844230005215,6.544182968008422,38.668742268614395,13.138518758331582,246.92987418174744,647523,71947,60858,GAT-SR-GNN,4,results-4,
Diginetica,3,6.0543055995541835,5.9553816839475795,44.80798365463466,14.608302089154538,247.5704529285431,647523,71947,60858,GAT-SR-GNN,4,results-4,
Diginetica,4,5.44508135377613,5.6479361819888245,49.298789386631825,16.477820153733262,245.65175342559817,647523,71947,60858,GAT-SR-GNN,4,results-4,
Diginetica,5,5.285094662203591,5.57590224297613,50.29118656789025,16.673779905481112,249.4114592075348,647523,71947,60858,GAT-SR-GNN,4,results-4,
Diginetica,6,5.202128890111076,5.531866214849543,50.870779879633616,16.97374432125418,265.57553815841675,647523,71947,60858,GAT-SR-GNN,4,results-4,
Diginetica,7,4.9663169176002295,5.419538725749138,53.140506205957166,18.218674452218316,245.14919471740723,647523,71947,60858,GAT-SR-GNN,4,results-4,
Diginetica,8,4.916001424952865,5.421013771144719,53.13355664586432,18.19652616650453,244.25965070724487,647523,71947,60858,GAT-SR-GNN,4,results-4,
Diginetica,9,4.893625302121033,5.414452702526533,53.24891934340556,18.270477402978543,244.4671745300293,647523,71947,60858,GAT-SR-GNN,4,results-4,
Diginetica,10,4.753094760747324,5.369575766335253,54.601303737473415,18.99168603801047,244.2937512397766,647523,71947,60858,GAT-SR-GNN,4,results-4,
Diginetica,11,4.7302313745293825,5.371571961142733,54.53597787260066,18.925506326639177,245.41203618049624,647523,71947,60858,GAT-SR-GNN,4,results-4,
Diginetica,12,4.720878959547293,5.371597537858916,54.48594103993217,18.983608806121836,246.39406657218933,647523,71947,60858,GAT-SR-GNN,4,results-4,
Diginetica,13,4.63379575266621,5.361197123754921,55.0266168151556,19.328836209895268,245.24534130096436,647523,71947,60858,GAT-SR-GNN,4,results-4,
Diginetica,14,4.621324062333421,5.362522737536534,55.108621624251185,19.26642913295573,245.10556054115295,647523,71947,60858,GAT-SR-GNN,4,results-4,
Diginetica,15,4.616620965424843,5.3643932481841805,54.99603875074707,19.281681859074222,244.43487572669983,647523,71947,60858,GAT-SR-GNN,4,results-4,
Diginetica,16,4.5638725137360705,5.3605996602431265,55.186456697291064,19.417541546376015,244.51717734336853,647523,71947,60858,GAT-SR-GNN,4,results-4,
Diginetica,17,4.558089397827482,5.364041121489463,55.19618608142105,19.428954689852688,244.39131927490232,647523,71947,60858,GAT-SR-GNN,4,results-4,
Diginetica,18,4.555189796375575,5.364994268684981,55.17394748912394,19.45733692269346,244.81967878341675,647523,71947,60858,GAT-SR-GNN,4,results-4,
Diginetica,19,4.5244583930223525,5.364802223468922,55.2434430900524,19.52882529560987,252.4946072101593,647523,71947,60858,GAT-SR-GNN,4,results-4,
Diginetica,20,4.521308773351586,5.367613794646313,55.255952298219526,19.484427386593293,244.55087685585025,647523,71947,60858,GAT-SR-GNN,4,results-4,
Diginetica,21,4.520603012979024,5.368029332789579,55.18089704921678,19.50240781451802,245.01564717292783,647523,71947,60858,GAT-SR-GNN,4,results-4,
Diginetica,22,4.501168221788819,5.368681184295809,55.140589600678275,19.515144599145643,245.87291407585144,647523,71947,60858,GAT-SR-GNN,4,results-4,
Diginetica,23,4.50130061753348,5.369873604708265,55.16699792903109,19.52550602199148,251.45241284370425,647523,71947,60858,GAT-SR-GNN,4,results-4,
Diginetica,24,4.4998099990580345,5.370507244358139,55.19201634536534,19.526964887737016,248.4150938987732,647523,71947,60858,GAT-SR-GNN,4,results-4,
Yoochoose 1/64,1,5.5744576506878065,4.735951615875438,64.71812897120454,28.503327281374823,107.86624193191528,332874,36985,55898,GAT-SAGPool,1,results-gat-sagpool,
Yoochoose 1/64,2,4.48464684889863,4.516807286630083,67.41381641205895,30.063690261871763,106.6239333152771,332874,36985,55898,GAT-SAGPool,1,results-gat-sagpool,
Yoochoose 1/64,3,4.232131220676042,4.45310063527793,68.36555360281196,30.906966904200168,106.36262702941896,332874,36985,55898,GAT-SAGPool,1,results-gat-sagpool,
Yoochoose 1/64,4,3.795343266202017,4.365980973384889,69.47411112613221,32.331128859819714,106.0800244808197,332874,36985,55898,GAT-SAGPool,1,results-gat-sagpool,
Yoochoose 1/64,5,3.7033091530238647,4.374076188440595,69.37677436798703,32.3901580897186,105.83434534072876,332874,36985,55898,GAT-SAGPool,1,results-gat-sagpool,
Yoochoose 1/64,6,3.656665559874669,4.389685527011964,69.27673381100446,32.47976342552302,105.99161148071288,332874,36985,55898,GAT-SAGPool,1,results-gat-sagpool,
Yoochoose 1/64,7,3.5777649493887784,4.394565698116458,69.3064755982155,32.57117839347548,106.15217113494872,332874,36985,55898,GAT-SAGPool,1,results-gat-sagpool,
Yoochoose 1/64,8,3.57070397981162,4.399585119788672,69.26321481681762,32.53916761174756,105.61756420135498,332874,36985,55898,GAT-SAGPool,1,results-gat-sagpool,
Yoochoose 1/64,9,3.565039174379691,4.401757748397408,69.21184263890767,32.5474594702056,106.22631525993349,332874,36985,55898,GAT-SAGPool,1,results-gat-sagpool,
Yoochoose 1/64,10,3.5549290640564144,4.4025514703095405,69.19832364472083,32.542378728705934,106.19071221351624,332874,36985,55898,GAT-SAGPool,1,results-gat-sagpool,
Yoochoose 1/64,11,3.5539517046088975,4.403096667170218,69.20373124239556,32.547938873014594,105.81246018409728,332874,36985,55898,GAT-SAGPool,1,results-gat-sagpool,
Yoochoose 1/64,12,3.553950348972004,4.403583495668806,69.20373124239556,32.54143647218018,105.56417512893675,332874,36985,55898,GAT-SAGPool,1,results-gat-sagpool,
Diginetica,1,7.172862248736315,5.804054234028426,47.201412150610864,15.331601634612714,207.67560577392575,647523,71947,60858,GAT-SAGPool,1,results-gat-sagpool,
Diginetica,2,5.47383752233728,5.507764709831396,50.81240357485371,16.74567013599941,206.81690216064453,647523,71947,60858,GAT-SAGPool,1,results-gat-sagpool,
Diginetica,3,5.157132835064078,5.448336920867525,51.92433318970909,17.255316007039045,206.1206262111664,647523,71947,60858,GAT-SAGPool,1,results-gat-sagpool,
Diginetica,4,4.3935885140234126,5.247479037274075,55.464439101004906,19.49043549104438,206.6307966709137,647523,71947,60858,GAT-SAGPool,1,results-gat-sagpool,
Diginetica,5,4.156884632500771,5.282891853395137,55.32544789914798,19.44859678462569,206.4058301448822,647523,71947,60858,GAT-SAGPool,1,results-gat-sagpool,
Diginetica,6,4.0135011047400235,5.349976416901488,54.837588780630185,19.350771934677567,205.91447377204895,647523,71947,60858,GAT-SAGPool,1,results-gat-sagpool,
Diginetica,7,3.8134260691716553,5.3823817723726615,54.81396027631451,19.44259268325525,206.4792697429657,647523,71947,60858,GAT-SAGPool,1,results-gat-sagpool,
Diginetica,8,3.7919516786228646,5.398739560443382,54.71527652299609,19.435001666602833,206.2456572055817,647523,71947,60858,GAT-SAGPool,1,results-gat-sagpool,
Diginetica,9,3.776241479879507,5.40988798080638,54.62771206582623,19.39481799543887,205.15671515464783,647523,71947,60858,GAT-SAGPool,1,results-gat-sagpool,
